{
    "Accuracy": 0.6920731707317073,
    "Precision": 0.6544117647058824,
    "Recall": 0.36475409836065575,
    "F1-score": 0.46842105263157896
}
